100139	1	4686230
100139	1	597025
100139	1	6623004
100139	3	UNKNOWN
100139	4	UNKNOWN
100139	5	5202245
100139	6	UNKNOWN
100950	1	74146
100950	1	1417612
101033	2	38992
101033	2	132585
101033	2	10952950
101033	2	32738
101033	2	81372
101033	2	158482
101033	2	8305957
101033	3	UNKNOWN
101033	4	UNKNOWN
101033	5	25924
101033	5	25937
101033	5	61442
101033	5	9708794
101033	5	5334577
101033	5	21686
101033	5	25952
101033	5	3360763
101033	7	4490317
101033	8	UNKNOWN
101033	9	UNKNOWN
101033	10	81003
101033	11	UNKNOWN
101033	12	597735
101033	12	18257
101033	14	UNKNOWN
101033	19	UNKNOWN
101033	25	2060879
101033	25	41565
101033	25	224371
101033	26	3963422
101033	26	5333640
101033	26	1525
101033	26	1404860
101033	26	38986
101033	26	18189
101033	27	41565
101033	31	UNKNOWN
101033	35	9986458
101033	35	2000712
101033	35	9986458
101033	35	1773415
101033	35	45502
101033	35	761674
101033	35	27487
101033	35	168953
101033	35	2231070
101033	35	11781704
101033	35	1095706
101033	35	5496326
101033	35	24460
101033	35	205907
101033	35	9382
101033	36	UNKNOWN
101033	39	UNKNOWN
101033	41	2120641
101033	42	UNKNOWN
101033	43	5404896
101033	43	708043
101033	43	2000712
101033	43	9209435
101033	43	2471902
101033	43	476236
101033	45	UNKNOWN
101033	46	UNKNOWN
101033	48	UNKNOWN
101033	50	10451121
101033	50	710008
101033	50	8701366
101033	50	810798
101033	50	3775321
101033	50	1281854
101033	50	5639865
101033	50	3775321
101033	50	862420
101033	50	1406727
101033	50	10451121
101033	50	365611
101160	1	UNKNOWN
101160	4	393681
101160	11	6117835
101160	12	4020349
101160	12	838340
101160	13	6939875
101160	13	4020349
101160	14	5133448
101160	17	2537526
102313	2	327413
102313	2	902628
102313	2	12700863
10280	2	3831976
10280	3	3831976
1030	1	2593946
1030	1	299153
1030	1	1078483
1030	2	UNKNOWN
1030	3	UNKNOWN
1030	4	458734
1030	4	14108
1030	4	159823
1030	4	2593946
1030	4	8487264
1030	4	7106616
1030	4	4063048
1030	4	1048689
1030	4	287222
1030	4	1515892
1030	9	UNKNOWN
1030	12	71400
1030	14	UNKNOWN
1030	19	UNKNOWN
1030	23	UNKNOWN
1030	24	UNKNOWN
1030	26	3390103
1030	26	2629531
1030	29	UNKNOWN
1030	30	692334
1030	31	49754
1030	32	25501
1030	33	25501
1030	35	497846
1030	36	877243
1030	37	2046739
1030	38	217315
1030	39	442175
1030	39	217315
1030	39	2975555
1030	40	25501
1030	41	539610
1030	42	5252585
1030	44	UNKNOWN
1030	45	UNKNOWN
1030	46	UNKNOWN
1030	47	20223
1030	48	2889
1030	48	2891
1030	49	UNKNOWN
1030	50	5453209
103282	2	UNKNOWN
103282	3	1402874
103282	4	12403
103282	6	11037084
103282	6	13697
103282	7	9328091
103282	8	7707249
103282	9	UNKNOWN
103282	10	7076113
103282	11	UNKNOWN
103282	12	3577382
103282	13	614939
103282	13	474481
103282	13	161380
103282	14	UNKNOWN
103282	15	21385
103282	16	UNKNOWN
103282	17	93729
103282	18	2315835
103282	18	7341
103282	20	6305931
103282	20	2632052
103282	20	4967190
103282	20	1252855
103282	21	10283706
103282	22	581403
103282	22	8873874
103282	23	UNKNOWN
103282	24	39220
103282	25	UNKNOWN
103282	26	UNKNOWN
103282	27	UNKNOWN
103282	28	920127
103282	28	2868063
103282	28	3654792
103282	29	UNKNOWN
103282	30	12700863
103282	31	7766241
103282	31	8873874
103282	32	3044703
103282	32	3265206
103282	32	9332750
103282	34	4595
103282	35	102863
103282	36	307921
103282	37	UNKNOWN
103282	39	UNKNOWN
103282	40	126109
103282	40	10159
103282	40	102863
103282	40	5237186
103282	41	UNKNOWN
103282	42	1402874
103282	42	53460
103282	43	9862119
103282	44	5205590
103282	44	9332750
103282	44	10283706
103282	45	555173
103282	47	205160
103282	47	205160
103282	48	UNKNOWN
103282	49	UNKNOWN
103282	50	93729
103549	1	3109838
103549	1	4141705
103549	2	UNKNOWN
103549	4	1961923
103549	5	172023
103549	5	51347
103549	6	UNKNOWN
103549	7	46538
103549	8	UNKNOWN
103549	10	402058
103549	11	UNKNOWN
103549	12	4661
103549	13	1444029
103638	1	UNKNOWN
103638	2	UNKNOWN
103638	3	5065259
103638	4	9889009
103638	5	UNKNOWN
103638	6	19919
103638	6	4885534
103638	7	598036
103638	8	UNKNOWN
103638	9	UNKNOWN
103638	10	UNKNOWN
103638	11	5915788
103638	11	4904
103638	12	UNKNOWN
103638	13	126109
103638	14	UNKNOWN
103638	15	UNKNOWN
103638	16	6096382
103638	16	825694
103638	20	UNKNOWN
103638	21	UNKNOWN
103638	22	2089165
103638	22	5329466
103638	22	124607
103638	22	4611551
103638	23	145801
103638	24	UNKNOWN
103638	25	UNKNOWN
103638	26	UNKNOWN
103638	27	UNKNOWN
103638	28	UNKNOWN
103638	29	31797
103638	30	3289296
103638	31	UNKNOWN
103638	32	UNKNOWN
103638	33	102863
103638	34	UNKNOWN
103638	35	UNKNOWN
103638	36	UNKNOWN
103638	37	UNKNOWN
103638	38	UNKNOWN
103638	39	8408626
103638	40	2687914
103638	41	1635279
103638	42	10607428
103638	42	4698919
103638	43	877243
103638	44	7905928
103638	45	6492902
103638	46	1635279
103638	47	UNKNOWN
103638	48	UNKNOWN
103638	49	4632727
103638	50	UNKNOWN
103956	1	UNKNOWN
103956	3	UNKNOWN
103956	7	UNKNOWN
103956	9	1500304
104348	2	74390
104348	3	405424
104348	3	405424
104348	4	8806344
104348	4	311797
104348	5	246446
104348	5	6561163
104348	6	4933
104348	7	9608072
104348	8	116194
104348	8	1753963
104348	8	1543515
104348	9	94829
104348	10	676058
104348	10	32099
104348	11	112169
104348	11	9209435
104348	11	6502660
104348	11	4954144
104348	12	2549383
104348	12	9992669
104348	13	6502660
104348	14	5263
104348	14	8508
104348	14	2899479
104348	14	4636671
104348	15	UNKNOWN
104348	16	6502660
104348	17	6502660
104348	18	5241478
104348	18	6141961
104348	18	24910
104348	19	9785369
104348	19	9785369
104348	20	6217417
105047	6	1208770
105047	11	2252836
105047	11	373807
105047	11	717156
105047	13	4036784
105047	13	352480
105047	17	UNKNOWN
105047	19	218696
105047	19	320736
105047	20	12726895
105047	20	20109
105047	20	75977
105047	21	UNKNOWN
105047	24	2280775
105047	30	UNKNOWN
105047	31	686574
105047	31	385815
105047	32	UNKNOWN
105047	33	5867954
105047	42	UNKNOWN
105047	46	1805207
105047	48	UNKNOWN
105047	50	580083
105199	1	1185559
105199	1	11235835
105199	1	2561964
105199	1	5163
105199	1	4300487
105199	1	1326433
105199	1	3208248
105199	1	1899
105199	1	10050057
105199	1	2826325
105199	1	1937571
105199	10	5764
105199	18	7460810
105199	19	717156
105199	20	6341374
105199	22	UNKNOWN
105199	23	UNKNOWN
105199	24	UNKNOWN
105199	27	3787961
105199	27	62855
105199	28	UNKNOWN
105199	30	UNKNOWN
105199	31	UNKNOWN
105199	32	UNKNOWN
105199	34	247071
105199	34	623968
105199	34	293240
105199	34	1839386
105199	34	87572
105199	40	UNKNOWN
105199	41	UNKNOWN
105199	43	UNKNOWN
105199	44	2539674
105199	44	8651493
105199	44	521914
105199	44	11735950
105199	47	9945586
105199	47	9945586
105199	49	UNKNOWN
105199	50	UNKNOWN
106383	1	142748
106383	2	UNKNOWN
106383	3	UNKNOWN
106383	4	UNKNOWN
106383	5	41871
106383	5	12640675
106383	6	UNKNOWN
106383	7	649296
106383	7	6284853
106383	7	10035
106383	8	9989632
106383	9	UNKNOWN
106383	10	2359416
106383	11	2490769
106383	11	255154
106383	12	85175
106383	13	8103741
106383	14	1718023
106383	15	2383898
106383	16	238118
106383	17	107294
106383	18	2568519
106383	19	10959975
106383	19	12491
106383	20	UNKNOWN
106383	21	12058625
106383	22	UNKNOWN
106383	23	1390762
106383	24	UNKNOWN
106383	25	UNKNOWN
106383	26	2568519
106383	27	UNKNOWN
106383	28	12058625
106383	29	12640675
106383	30	UNKNOWN
106383	31	UNKNOWN
106383	32	UNKNOWN
106383	33	UNKNOWN
106383	34	210897
106383	35	6435933
106383	36	2568519
106383	36	1018114
106383	38	UNKNOWN
106383	39	UNKNOWN
106383	40	UNKNOWN
106383	41	UNKNOWN
106383	42	2162
106383	43	12058625
106383	43	7609965
106383	43	9667853
106383	44	UNKNOWN
106383	45	20031
106383	45	85175
106383	45	51146
106383	45	2162
106383	46	UNKNOWN
106383	47	UNKNOWN
106383	48	UNKNOWN
106383	49	UNKNOWN
106383	50	9954958
106529	1	UNKNOWN
106529	2	7485561
106529	3	UNKNOWN
106529	4	UNKNOWN
106529	5	UNKNOWN
106529	9	1435608
106529	10	353472
106529	11	UNKNOWN
106529	12	UNKNOWN
106765	2	UNKNOWN
108344	6	UNKNOWN
108344	13	9492687
108344	14	UNKNOWN
108344	16	1395321
108344	19	10325908
10840	1	UNKNOWN
10840	3	81718
10840	3	2814763
10840	3	27995
10840	6	246593
10840	8	246593
10840	10	158367
10840	11	4813
10840	11	1278194
10840	11	4813
10840	11	62968
10840	11	2360436
10840	12	UNKNOWN
10840	13	23117
10840	13	409656
10840	13	694673
10840	13	16184
10840	13	35835
10840	14	UNKNOWN
10840	15	UNKNOWN
10840	16	UNKNOWN
10840	17	153225
10840	17	181534
10840	17	503833
10840	18	38906
10840	19	UNKNOWN
10840	20	UNKNOWN
10840	21	UNKNOWN
10840	22	UNKNOWN
10840	23	12637
10840	24	UNKNOWN
10840	25	UNKNOWN
10840	26	2403920
10840	26	3550867
10840	26	467151
10840	26	212895
10840	26	2047501
10840	26	1553778
10840	27	3225660
10840	28	UNKNOWN
10840	31	UNKNOWN
10840	33	UNKNOWN
10840	34	81718
10840	35	5005522
10840	36	UNKNOWN
10840	39	UNKNOWN
108982	1	395536
108982	1	6026489
108982	1	612
108982	1	17258
108982	1	12987
108982	9	1235055
108982	9	4200818
108982	9	15585
108982	14	9930987
108982	14	4200818
108982	14	772931
108982	14	7045456
108982	14	731940
108982	14	8585029
108982	15	772931
108982	15	9008039
108982	15	367123
10986	1	4055754
10986	1	107034
10986	1	282789
10986	2	2488080
10986	3	UNKNOWN
10986	4	4031
10986	5	4031
111834	1	49461
111834	1	715005
111834	1	334015
111834	1	500202
111834	2	44267
111834	2	37959
111834	2	23117
111834	3	271703
111834	4	99838
111834	5	6231590
111834	5	99838
111834	6	1100238
111834	7	UNKNOWN
111834	8	23160
111834	8	18722
111834	8	18758
111834	9	6936474
111834	10	9980260
111834	10	2338155
111834	11	12313
111834	11	545970
111834	11	2785264
111834	11	42626
111834	11	2114
111834	13	1812
111834	14	UNKNOWN
111834	15	6231590
112474	1	2441682
112474	2	4654792
112474	3	579325
112474	4	UNKNOWN
112474	5	3052382
112474	5	9497452
112474	6	1376599
112474	6	55332
112474	7	4694669
112474	8	1565
112474	9	UNKNOWN
112474	10	UNKNOWN
112474	12	4490317
112474	12	1312873
112474	12	171991
112474	13	7707607
114124	2	1424406
114124	2	234730
114124	2	786321
114124	4	969130
114124	4	1783174
114124	4	9003901
114124	4	182914
114124	4	30289
114124	4	2681522
114124	5	837577
114124	7	7707249
114124	8	UNKNOWN
114124	9	UNKNOWN
114124	10	UNKNOWN
114124	12	UNKNOWN
114124	14	UNKNOWN
115102	1	UNKNOWN
115102	4	UNKNOWN
115102	5	2936695
115102	6	16251
115102	7	UNKNOWN
11569	2	56049
11569	3	UNKNOWN
11569	4	42162
116200	1	5667300
116200	1	6820674
116200	1	1825132
116200	1	33961
116200	1	3255149
116200	1	1115025
116200	1	29469
116200	1	1514576
116200	2	4590868
116200	2	9552681
116200	2	1257708
116200	3	389489
116200	4	9831253
116200	4	9811756
116200	5	UNKNOWN
116200	6	UNKNOWN
116200	7	UNKNOWN
116200	8	1706884
116200	9	UNKNOWN
116200	10	3482475
116200	11	UNKNOWN
116200	12	3482475
116200	12	12794096
116200	13	UNKNOWN
116200	14	6932411
116200	14	278051
116200	15	UNKNOWN
116200	16	UNKNOWN
116200	17	953101
116200	19	586852
116200	19	10098111
116200	19	2875319
116200	19	229658
116200	20	UNKNOWN
116200	21	56846
116200	22	UNKNOWN
116200	23	UNKNOWN
116200	24	5783621
116200	25	6036429
116200	26	3777478
116200	26	11138267
116200	27	1358762
116200	28	2927
116200	29	63500
116200	30	3548096
116200	30	71721
116200	31	282789
116200	32	359059
116200	32	3106263
116200	33	8474684
116200	33	51687
116200	35	20298
116200	36	8406241
116200	36	32232
116200	36	4876264
116200	37	9831253
116200	38	UNKNOWN
116200	39	UNKNOWN
116200	40	2566232
116200	40	9398351
116200	41	3777478
116200	41	11138267
116200	42	3345617
116200	42	3673474
116200	43	278051
116200	44	8474684
116200	44	5435916
116200	45	5845250
116200	45	2922931
116200	46	6134388
116200	47	79868
116200	47	104
116200	48	UNKNOWN
116200	49	2556
116200	50	4950052
116200	50	6129795
120334	3	UNKNOWN
120880	23	391441
120880	44	UNKNOWN
120880	45	UNKNOWN
120906	1	3787445
120906	1	7595273
120906	1	87062
120906	1	5833569
120906	1	147213
120906	1	4818689
120906	1	7170065
120906	1	7595273
121521	4	1072935
121521	4	810163
121591	2	UNKNOWN
121591	4	8399291
121591	4	5377330
121591	4	12641760
121591	4	6467486
121591	4	2174634
121591	5	UNKNOWN
121591	8	12724116
121591	9	250650
121591	10	UNKNOWN
121591	11	UNKNOWN
121591	12	UNKNOWN
121591	13	UNKNOWN
121591	14	UNKNOWN
121591	15	5419149
121591	15	941020
121591	15	2719777
121591	15	7752539
121591	15	5377330
121591	15	6510502
121591	15	83520
121591	15	6855
121591	15	2872229
121591	15	409656
121591	15	1244127
121591	20	UNKNOWN
121591	21	UNKNOWN
121591	22	UNKNOWN
121755	2	363574
121755	2	6241851
121755	2	479412
121755	2	2920664
121755	2	2974507
121755	2	777400
121755	2	269174
121755	2	2920664
121755	2	5729012
121755	2	2863795
121755	2	3785055
121755	2	4858596
121755	2	2444392
121755	2	1278194
121755	2	2920664
121755	2	7250107
121755	2	170008
121755	2	5270602
121755	2	10951114
121755	2	4933
121755	2	176976
121755	2	213271
121755	3	UNKNOWN
121755	5	UNKNOWN
121755	6	UNKNOWN
121755	9	UNKNOWN
121755	10	10951114
121755	11	3728650
121755	12	3728650
121755	13	UNKNOWN
121755	14	UNKNOWN
121755	15	241861
121755	16	UNKNOWN
121755	17	11799
121755	18	UNKNOWN
121755	19	4933
121755	20	2920664
121755	20	170008
121755	21	11799
121755	22	5729523
121755	22	241861
121755	23	UNKNOWN
121755	24	UNKNOWN
121755	26	2282004
121755	26	10951114
121755	28	UNKNOWN
121755	29	UNKNOWN
121755	31	10951114
121755	32	241861
121755	34	UNKNOWN
121755	35	2282004
121755	36	UNKNOWN
121755	37	UNKNOWN
121755	38	UNKNOWN
121755	40	UNKNOWN
121755	41	UNKNOWN
121755	42	UNKNOWN
121755	43	UNKNOWN
121755	44	170008
121755	45	UNKNOWN
121755	48	UNKNOWN
121755	49	241861
122929	1	8179
122929	2	5047996
122929	2	192776
122929	2	456253
122929	3	8179
122929	4	8179
123027	2	UNKNOWN
125562	2	UNKNOWN
125562	3	409
125562	4	3039
125562	5	409
125562	5	3039
125562	5	1079
125562	5	8110663
125562	6	UNKNOWN
125562	7	4053
125631	28	8013
125631	32	318109
125631	40	1162143
125631	40	6200075
125631	40	974941
125631	40	1088517
125631	40	1559291
125631	40	365997
125631	40	4453
126045	1	UNKNOWN
126045	2	5584919
126045	3	195257
126045	5	255146
126045	6	5478486
126045	6	1884960
126045	7	UNKNOWN
126045	8	9566077
126045	9	11278105
126045	10	UNKNOWN
126045	11	2868063
126045	12	UNKNOWN
126045	13	UNKNOWN
126045	14	UNKNOWN
126045	15	359139
126045	17	UNKNOWN
126045	18	UNKNOWN
126045	19	UNKNOWN
126045	20	UNKNOWN
126045	21	11837
126045	22	UNKNOWN
126045	23	238720
126045	23	23420
126045	24	10831794
126045	25	83913
126045	26	1646016
126045	27	9208522
126045	28	436025
126045	29	147213
126045	30	2107344
126045	31	92328
126045	32	UNKNOWN
126045	33	14875
126045	34	UNKNOWN
126045	35	UNKNOWN
126045	36	1646016
126045	37	UNKNOWN
126045	38	UNKNOWN
126045	39	23420
126045	39	185271
126045	40	1128289
126045	40	301685
126045	41	294626
126045	42	301685
126045	43	6749965
126045	43	19584
126045	44	6547708
126045	46	3743323
126045	47	UNKNOWN
126045	48	2441497
126045	48	83915
126045	49	6816319
126045	50	4300833
127674	4	1145644
127674	4	7903692
127674	7	UNKNOWN
127674	9	UNKNOWN
127674	10	UNKNOWN
127674	11	6466500
127674	13	UNKNOWN
127674	14	UNKNOWN
12809	1	4689211
12809	1	622934
12809	1	272891
128334	1	UNKNOWN
128334	4	UNKNOWN
128334	12	UNKNOWN
128334	14	UNKNOWN
128334	16	UNKNOWN
128334	17	UNKNOWN
128334	18	9910475
128839	2	UNKNOWN
128981	1	2606513
129626	3	4250314
129754	5	UNKNOWN
129754	8	UNKNOWN
129754	9	4979986
129754	10	10145367
129754	11	11248189
129754	12	UNKNOWN
129996	1	11238157
129996	3	7956
129996	3	501301
129996	3	7758059
129996	3	70033
129996	3	18275
129996	3	11238157
129996	4	UNKNOWN
129996	5	UNKNOWN
129996	6	1517673
129996	6	72745
129996	7	5620595
129996	7	342851
129996	7	408985
129996	7	9183981
129996	8	UNKNOWN
129996	9	10519662
129996	10	89290
129996	10	20406
129996	14	UNKNOWN
129996	15	7706225
129996	15	5775439
129996	15	15061
129996	16	329456
129996	16	2122737
129996	17	UNKNOWN
129996	18	22512
129996	19	UNKNOWN
129996	21	UNKNOWN
129996	22	233869
129996	22	6206327
129996	22	4053
129996	22	210308
129996	22	1956143
129996	22	515785
129996	22	1865727
129996	22	128253
129996	23	1978587
129996	24	1517673
129996	24	4447415
129996	24	269378
129996	24	3007242
129996	25	4132858
129996	25	647273
129996	26	10754494
129996	26	4546767
129996	26	2322867
129996	26	112197
129996	26	827650
129996	27	UNKNOWN
129996	30	112197
129996	34	112197
129996	34	2322867
129996	36	280232
129996	36	3324574
129996	36	7943827
129996	36	9986458
129996	36	242898
129996	36	2545671
129996	36	150678
129996	36	943510
129996	36	387805
129996	37	2422190
129996	37	85995
129996	37	2322867
129996	37	19917
129996	37	27185
129996	37	12647232
129996	38	UNKNOWN
129996	39	5171
129996	39	3615570
129996	40	145371
129996	40	3615570
129996	41	UNKNOWN
129996	42	465276
129996	43	UNKNOWN
129996	44	9808285
129996	44	2942943
129996	44	839742
129996	45	611049
129996	46	2897119
129996	47	UNKNOWN
129996	48	4084251
129996	48	1146163
129996	48	70629
129996	48	2062072
129996	49	113316
129996	50	10581587
129996	50	12497499
129996	50	6946659
129996	50	8892791
130500	1	2606513
130500	1	5864
130500	1	6058
130500	7	UNKNOWN
130500	8	2606513
130500	9	5864
130500	10	UNKNOWN
130500	11	1158400
130500	15	46219
130500	17	12417271
130500	17	31712
130500	25	UNKNOWN
130500	26	6521102
130500	26	748152
130500	26	4407084
130500	27	UNKNOWN
130500	30	UNKNOWN
130500	31	UNKNOWN
130500	32	12417271
130500	33	2474069
130500	35	1115639
130500	35	1115639
130500	36	UNKNOWN
130500	37	3730484
130500	38	UNKNOWN
130500	39	UNKNOWN
130500	43	UNKNOWN
130500	48	12914182
130500	50	10238093
131187	1	UNKNOWN
131187	2	UNKNOWN
131187	3	7731845
13137	1	3433883
13137	1	7653499
13137	1	3602263
13137	2	46538
13137	2	1588
13137	3	624372
13137	3	20410
13137	3	127339
13137	3	7158386
13137	3	11883
13137	4	1040135
13137	4	4044
13137	5	UNKNOWN
13137	6	3266153
13137	6	3007242
13137	7	UNKNOWN
13137	8	UNKNOWN
13137	9	936351
13137	9	33988
13137	10	UNKNOWN
13137	11	UNKNOWN
13137	12	UNKNOWN
13883	5	UNKNOWN
13883	19	3262894
13883	19	3262894
13883	29	5876332
13883	30	5876332
13883	31	7670460
13883	32	UNKNOWN
13883	33	UNKNOWN
13883	34	UNKNOWN
13883	37	UNKNOWN
13883	38	UNKNOWN
13883	49	UNKNOWN
13883	50	UNKNOWN
14570	3	UNKNOWN
14724	1	UNKNOWN
14724	3	UNKNOWN
14724	4	UNKNOWN
14724	5	990181
14724	6	UNKNOWN
14724	7	UNKNOWN
14724	9	UNKNOWN
14724	10	UNKNOWN
14724	11	UNKNOWN
14724	14	1102742
14724	15	976893
15000	2	464409
15000	2	111002
15000	3	UNKNOWN
15000	4	9568909
15000	4	11841567
15000	4	6303172
15000	4	71451
15000	5	3461595
15000	5	4238263
15000	5	2971091
15000	6	UNKNOWN
15000	8	UNKNOWN
15000	9	3461595
15467	2	70679
15467	5	UNKNOWN
15467	8	UNKNOWN
15790	1	18255
15790	6	1973276
15790	6	1500
15790	7	7869560
15790	8	UNKNOWN
15790	10	UNKNOWN
15790	21	3255797
15929	9	UNKNOWN
16354	1	3648378
16354	2	UNKNOWN
16364	1	7341
16364	2	12356849
16364	2	2896
16364	2	147954
16364	2	12945
16364	3	UNKNOWN
16364	4	UNKNOWN
16364	5	UNKNOWN
16364	6	145911
16364	7	41577
16364	8	7085208
16528	1	UNKNOWN
16528	4	5876332
16528	6	4888931
16528	15	4888931
16528	17	UNKNOWN
16528	21	UNKNOWN
16528	23	UNKNOWN
16528	31	UNKNOWN
16528	34	2109334
16528	41	1866155
16528	45	5876332
16528	47	UNKNOWN
17720	2	4701949
17720	2	5206483
17720	2	1003887
17720	3	247936
17720	4	4542836
17720	4	416618
17720	4	2001588
17720	5	UNKNOWN
17720	6	UNKNOWN
17720	7	UNKNOWN
17720	8	UNKNOWN
17720	9	UNKNOWN
17720	10	617142
17720	10	436025
17720	11	12491
17720	11	436025
17720	12	6547708
17720	12	161870
17720	15	5206483
17720	15	2915415
17720	15	654002
17755	2	4904
17755	3	236718
17755	3	46596
17755	4	UNKNOWN
17755	6	5175903
17755	6	12455856
17755	6	1558728
17755	6	67891
17755	8	UNKNOWN
17755	10	2242580
17755	10	3332629
17755	10	117933
17755	10	40703
17755	10	54883
17755	10	3096593
17755	10	7037
17755	11	1787425
17755	13	1095831
17755	13	189738
17755	14	7797402
17755	14	379601
17755	14	379601
17755	15	UNKNOWN
17755	19	UNKNOWN
17755	20	UNKNOWN
18300	1	UNKNOWN
18300	2	UNKNOWN
18300	3	UNKNOWN
18300	4	1864769
18300	5	177477
18300	6	1152858
18300	7	UNKNOWN
19022	1	57915
19022	1	883666
19022	2	UNKNOWN
19022	3	3645006
19022	4	1023690
20079	1	878920
20079	2	762741
20079	2	1639386
20079	2	96601
20079	3	1504535
20079	3	6386675
20079	3	5957493
20079	3	1365834
20079	4	UNKNOWN
20079	6	4014561
20079	7	UNKNOWN
20079	8	476588
20079	9	11302100
20079	9	5395103
20079	9	6017308
20079	9	6478756
20079	13	762741
20079	14	686574
2028	2	UNKNOWN
2028	4	49794
2028	7	5241478
2028	7	6488518
2028	9	UNKNOWN
20772	2	UNKNOWN
20772	6	UNKNOWN
2078	2	22246
2078	2	22246
2078	3	UNKNOWN
20958	1	6651745
2145	2	UNKNOWN
21589	7	UNKNOWN
21738	1	4665912
21738	1	622934
21738	1	4189464
21738	1	3108953
21738	1	3373881
21738	1	3156716
21738	2	6559429
21738	2	310666
21738	2	1429725
22240	2	327708
22240	3	55615
22240	4	UNKNOWN
22240	6	98810
22240	8	3967329
22240	8	285088
22240	8	92656
22240	10	UNKNOWN
22240	12	2332312
22240	14	UNKNOWN
22240	15	UNKNOWN
22240	17	768913
22240	18	UNKNOWN
22240	21	UNKNOWN
22240	24	UNKNOWN
22446	1	4084251
23301	1	UNKNOWN
23301	2	2516528
23301	3	UNKNOWN
23791	1	UNKNOWN
23791	2	UNKNOWN
23791	3	3028299
23791	4	3028299
23791	5	UNKNOWN
23791	6	UNKNOWN
23791	7	UNKNOWN
23791	8	2203344
23791	8	3028299
23791	9	UNKNOWN
23791	10	UNKNOWN
23791	11	UNKNOWN
23791	12	UNKNOWN
23791	13	136530
23791	14	UNKNOWN
23791	15	UNKNOWN
23791	16	UNKNOWN
23791	17	UNKNOWN
23791	18	3028299
23791	20	3761
23791	21	2274375
23791	22	UNKNOWN
23791	23	UNKNOWN
23791	24	904082
23791	25	1315055
23791	26	UNKNOWN
23791	27	UNKNOWN
23791	30	UNKNOWN
23791	31	1409201
23791	32	2567042
23791	32	4042073
23791	34	UNKNOWN
23791	35	1427893
24783	2	UNKNOWN
25621	1	812894
25621	2	12753229
25621	3	UNKNOWN
25621	5	80705
25621	6	UNKNOWN
25621	7	2379056
25621	8	202710
25621	8	91295
25621	10	9499211
25621	11	901052
25621	11	9499211
25621	13	37064
25621	13	2492028
25621	15	80705
25621	16	UNKNOWN
25621	17	11182884
25621	17	35328
25621	18	202710
25621	20	32341
25786	1	283217
25786	1	6954
25786	2	6722871
25786	3	UNKNOWN
25786	4	10029
25786	6	17501
25786	6	4546772
25786	7	2056768
25786	7	18834
25786	9	UNKNOWN
25786	10	UNKNOWN
25786	12	UNKNOWN
25786	14	6320
25786	15	UNKNOWN
25786	16	UNKNOWN
25786	17	56621
25786	17	244681
25786	18	UNKNOWN
25786	20	3327097
25786	21	UNKNOWN
25786	22	6915
25786	22	6958
25786	22	515976
25786	23	138194
25786	24	1219669
25786	24	218984
25786	26	1219669
25786	27	31712
26311	1	UNKNOWN
26311	2	UNKNOWN
26311	3	38432
26311	4	UNKNOWN
26311	6	1515058
26311	7	58826
26311	8	38432
26311	9	52126
26311	9	7201
26311	10	4313
26311	11	UNKNOWN
26311	12	UNKNOWN
26311	13	UNKNOWN
26311	14	38432
26311	15	184139
26311	15	920127
26311	17	UNKNOWN
26830	4	UNKNOWN
26830	5	5174
26830	5	5189
26830	6	3569016
26830	7	39068
26830	8	UNKNOWN
26830	9	UNKNOWN
26830	10	UNKNOWN
26830	11	UNKNOWN
26830	12	5819
26830	13	657891
26830	14	UNKNOWN
26830	16	UNKNOWN
26830	17	UNKNOWN
26830	18	UNKNOWN
26830	19	271444
26830	20	UNKNOWN
26830	21	2619901
26830	22	5017546
26830	23	UNKNOWN
26830	24	UNKNOWN
27041	4	UNKNOWN
27041	11	UNKNOWN
27487	1	UNKNOWN
27487	2	3428
27487	3	UNKNOWN
27487	4	UNKNOWN
27487	5	8783162
27487	5	1357270
27487	7	UNKNOWN
27487	8	UNKNOWN
27487	10	UNKNOWN
27487	11	11319
27487	11	4588024
27487	11	1055450
27487	11	4921
27487	11	7107
27487	11	7025
27487	11	1163127
27487	12	UNKNOWN
27487	13	19148
27487	14	UNKNOWN
27487	15	UNKNOWN
27487	16	UNKNOWN
27487	17	449742
27487	18	746284
27487	18	238728
27487	18	4488293
27487	18	6935
27625	2	UNKNOWN
27625	3	134973
28102	2	UNKNOWN
29042	1	38432
29042	1	1609618
29116	2	UNKNOWN
29116	3	UNKNOWN
29116	4	UNKNOWN
29116	5	UNKNOWN
29116	6	UNKNOWN
29116	7	UNKNOWN
29116	8	340731
29116	8	85781
29116	9	UNKNOWN
29116	10	UNKNOWN
29116	11	3414
29116	11	2895557
29116	11	3735
29116	12	1993
29116	13	84545
29116	14	1667949
29116	15	5285358
29116	17	UNKNOWN
29116	18	2054048
29116	18	3320466
29116	19	194379
29116	20	35566
29116	21	2916556
29116	21	2791688
29116	22	UNKNOWN
29116	23	6147556
29116	23	8252836
29116	24	347099
29116	24	58717
29116	25	UNKNOWN
29116	26	3702
29116	26	13375
29116	26	952219
29116	27	296431
29116	28	UNKNOWN
29116	29	5545286
29116	29	5502464
29116	30	2005380
29116	31	UNKNOWN
29116	32	UNKNOWN
29116	33	22574
29116	34	UNKNOWN
29116	35	UNKNOWN
29116	36	UNKNOWN
29116	41	UNKNOWN
29116	42	UNKNOWN
29116	45	2434
29116	46	2434
29116	47	UNKNOWN
29116	49	5587960
29116	50	3559358
29116	50	436025
29116	50	5017546
29116	50	4835836
29423	1	6106247
29423	1	2865177
29423	1	1343133
29423	1	203304
29423	1	597987
29423	1	1326327
29423	1	1773771
29423	1	231939
29423	1	9516824
29423	1	3813197
29423	1	14843
29423	1	3588836
29423	1	1743573
29423	1	7937
29423	1	27579
29423	1	4305068
29423	1	11835416
29423	1	12050
29423	1	57083
29423	1	2294
29423	1	4888162
29423	1	823504
29423	1	150317
29423	1	203304
29423	1	2001588
29423	1	490986
29423	1	361519
29423	1	5876753
29423	1	174491
29423	1	654973
29423	2	UNKNOWN
29423	3	1108015
29423	4	4901
29423	5	1533021
29423	5	2779
29556	5	UNKNOWN
29556	6	UNKNOWN
30203	1	10626020
30203	1	5844558
30203	2	10626020
30203	3	9597161
30203	3	2649665
31480	1	UNKNOWN
31480	2	UNKNOWN
31480	3	UNKNOWN
31480	4	UNKNOWN
31480	5	UNKNOWN
31480	6	UNKNOWN
31480	7	5643523
31480	8	4463567
31480	9	UNKNOWN
31480	10	5130540
31480	11	UNKNOWN
31480	12	985399
31480	14	1193957
31480	15	19546
31480	16	UNKNOWN
31480	17	UNKNOWN
31480	18	89542
31480	19	2865177
31480	20	UNKNOWN
31480	21	522063
31480	22	90182
31480	25	2228
31480	26	12417271
31480	27	1973276
31480	28	UNKNOWN
31480	29	UNKNOWN
31480	30	3255797
31480	31	1500
31480	32	45705
31480	33	236839
31480	34	UNKNOWN
31480	35	215321
31480	36	5780047
31480	37	UNKNOWN
31480	38	UNKNOWN
31480	39	12417271
31480	40	UNKNOWN
31480	41	5285358
31480	42	UNKNOWN
31480	43	UNKNOWN
31480	44	10758107
31480	45	5571285
31480	46	771330
31480	47	11878
31480	48	UNKNOWN
31480	49	16999
31480	50	UNKNOWN
31831	3	20106
31831	3	5276341
31831	3	16338
31831	3	45161
31831	3	92450
31831	3	10107
31831	3	689300
31831	3	393681
31831	3	4616413
31831	3	10151
31831	3	624789
31831	3	581630
31831	3	376719
31831	3	83263
31831	6	3015
31831	6	3919808
31831	7	4724684
31831	8	UNKNOWN
31831	10	5747349
34334	1	426618
34334	1	131949
34334	1	7325
34334	1	131949
34334	4	UNKNOWN
34486	4	UNKNOWN
34486	5	5780047
34486	7	UNKNOWN
34486	11	4454
34486	12	UNKNOWN
34486	15	2742161
34486	17	21637
34486	18	UNKNOWN
34486	20	UNKNOWN
34486	22	UNKNOWN
34486	23	UNKNOWN
34486	24	4300498
34486	25	546109
34486	26	UNKNOWN
34486	27	3897528
34486	27	227364
34486	27	170046
34486	28	UNKNOWN
34486	29	UNKNOWN
34486	30	UNKNOWN
34748	1	UNKNOWN
34748	2	20106
34748	4	45161
34748	6	18156
34811	1	UNKNOWN
34811	3	UNKNOWN
34861	2	UNKNOWN
34861	5	UNKNOWN
34861	8	UNKNOWN
35086	1	4590286
35086	1	3255797
35086	3	1334025
35086	7	3255797
35086	8	3255797
35086	12	3255797
35086	13	1973276
35086	13	1020169
35086	15	3255797
35086	19	UNKNOWN
35086	21	3255797
35086	21	12569097
35086	21	2383898
35086	24	UNKNOWN
35086	26	7869560
35547	8	UNKNOWN
35547	12	9511625
35862	1	UNKNOWN
35862	3	6221566
35862	6	UNKNOWN
35862	8	UNKNOWN
35862	10	UNKNOWN
35862	14	456253
35862	15	UNKNOWN
35862	16	80345
35862	17	UNKNOWN
35862	18	456253
35862	19	456253
35862	21	UNKNOWN
35862	22	UNKNOWN
36108	2	UNKNOWN
36108	3	587305
36108	4	UNKNOWN
36108	6	UNKNOWN
36142	3	UNKNOWN
36296	5	4877173
36296	5	7884002
36814	1	649309
36814	1	32104
36814	1	5495583
36814	1	15435
36814	1	1548324
36814	1	1553709
36814	1	6213368
36814	1	6435
36814	1	1846348
36814	1	3783959
36814	1	7123720
36814	1	1072329
36814	1	8964
36814	1	8761479
36814	1	3202597
36814	4	833051
37095	2	4331247
37095	3	528887
37095	3	354785
37095	3	12845383
37095	3	229134
37095	3	1181763
37095	3	3045242
37095	3	694256
37095	3	12845383
37364	1	UNKNOWN
37364	3	5350862
37364	5	2895229
37364	6	436561
37364	7	436025
37364	7	5350862
37364	8	UNKNOWN
37364	9	436025
37364	9	4561127
37364	10	4510442
37364	10	5303939
37364	11	1475553
37364	12	1475553
37364	13	436025
37364	13	4561127
37364	14	5241478
37364	14	4510442
37364	16	436025
37364	16	4561127
37364	19	5350862
37364	20	UNKNOWN
37364	21	436561
37364	22	436025
37364	22	511752
37364	23	4510442
37364	23	5303939
37364	24	436025
37364	24	5220388
37364	25	511752
37364	26	6049346
37364	27	UNKNOWN
37364	28	436025
37364	28	5296035
37364	29	UNKNOWN
37364	30	UNKNOWN
37364	31	UNKNOWN
37364	32	5949666
37364	32	7800021
37364	33	1627258
37364	33	436025
37364	33	5220388
37364	34	3349767
37364	35	1209669
37364	36	UNKNOWN
37364	38	5296035
37364	39	UNKNOWN
37364	41	4796196
37364	42	4796196
37364	43	4796196
37364	44	4796196
37364	45	511752
37364	46	5299542
37364	47	511752
37364	48	UNKNOWN
37364	49	5241478
37364	50	UNKNOWN
37617	2	109409
37617	2	1427203
37617	3	3462488
37617	3	498298
37617	4	13576
37617	4	13697
37617	7	UNKNOWN
37617	8	UNKNOWN
37617	9	UNKNOWN
37617	10	UNKNOWN
37617	11	UNKNOWN
37617	12	UNKNOWN
37617	14	UNKNOWN
37617	15	UNKNOWN
37617	16	322937
37617	17	6294289
37617	17	74083
37617	18	UNKNOWN
37617	20	UNKNOWN
37617	21	UNKNOWN
37617	22	UNKNOWN
37617	23	43273
37617	24	UNKNOWN
37617	25	10174
37617	26	959788
37617	29	1822560
37617	30	UNKNOWN
37617	32	UNKNOWN
37617	33	UNKNOWN
38002	3	19936
38002	3	19179
38002	4	19936
38002	8	11305029
38002	12	6245394
38002	13	UNKNOWN
38002	14	UNKNOWN
38002	15	UNKNOWN
38002	17	UNKNOWN
38002	19	UNKNOWN
38002	27	4770263
38002	28	UNKNOWN
38002	32	UNKNOWN
38002	34	UNKNOWN
38002	36	UNKNOWN
38002	43	UNKNOWN
38354	50	UNKNOWN
38605	1	UNKNOWN
38605	2	2205292
38605	5	UNKNOWN
38605	6	2205292
38605	6	1175663
38605	6	348592
38605	8	UNKNOWN
38605	10	2205292
38605	11	2205292
38605	12	UNKNOWN
38605	13	47839
38605	15	11208305
38605	17	UNKNOWN
39618	2	2842356
39618	2	24814
39618	2	865428
39618	3	UNKNOWN
39618	7	UNKNOWN
39618	9	24917
39618	9	393713
39618	10	UNKNOWN
39618	11	3277325
39618	13	456253
39618	14	7996714
39618	17	UNKNOWN
39618	20	UNKNOWN
39618	22	2842356
39618	22	3781732
39618	24	10354935
39703	2	810131
39703	3	UNKNOWN
3994	1	UNKNOWN
3994	2	UNKNOWN
3994	5	5595715
3994	6	UNKNOWN
40380	2	73143
40984	5	298751
40984	6	UNKNOWN
40984	7	UNKNOWN
40984	9	UNKNOWN
40984	14	UNKNOWN
40984	21	4561127
40984	21	3383009
40984	22	3383009
40984	24	UNKNOWN
40984	25	UNKNOWN
40984	27	UNKNOWN
40984	28	23644
40984	32	UNKNOWN
40984	34	1423930
40984	34	99036
40984	34	2641841
40984	35	UNKNOWN
40984	36	11058034
40984	38	UNKNOWN
41319	2	5649697
41319	2	3591
41319	2	25807
41717	2	1480366
41878	2	2277795
41878	4	992296
41878	5	UNKNOWN
42146	1	UNKNOWN
42146	2	UNKNOWN
42146	3	UNKNOWN
42359	1	5299542
42359	1	3346502
42359	1	5299542
42359	1	2865177
42359	2	6293058
42359	4	6293058
42359	7	6293058
42359	8	UNKNOWN
42359	9	UNKNOWN
42359	17	UNKNOWN
42359	18	3344219
42359	19	2865177
42359	20	2865177
42359	20	5986787
42359	21	103210
42359	22	UNKNOWN
42359	23	UNKNOWN
42359	24	UNKNOWN
42359	25	5986787
42359	26	103210
42359	27	6293058
42359	28	UNKNOWN
42359	29	6293058
42359	30	103210
42359	31	103210
42904	2	39115
43601	1	UNKNOWN
43601	3	UNKNOWN
43601	4	UNKNOWN
43601	5	372936
43601	5	4545132
43601	5	1468995
43601	5	1120945
43601	6	UNKNOWN
43601	7	UNKNOWN
43601	8	8202716
43601	9	UNKNOWN
43601	11	UNKNOWN
43601	12	UNKNOWN
43601	13	415687
43601	14	436025
43601	15	UNKNOWN
43601	18	UNKNOWN
43601	19	UNKNOWN
43601	21	12754438
43601	22	3783202
43601	23	472623
43601	24	UNKNOWN
43601	25	UNKNOWN
43601	26	UNKNOWN
43601	28	UNKNOWN
43601	29	UNKNOWN
43601	30	UNKNOWN
43601	31	UNKNOWN
43601	33	UNKNOWN
43601	34	23644
43601	35	UNKNOWN
43601	36	UNKNOWN
43601	38	146502
43601	38	3683261
43601	38	23644
43601	38	24938
43601	38	2696539
43877	1	5548672
43877	2	4841727
43877	4	3228425
43877	4	4310862
43877	4	4462314
43877	6	4462314
43877	6	4462314
43877	7	UNKNOWN
43877	8	52706
43877	9	4684933
43877	9	4841727
43877	10	UNKNOWN
43877	11	UNKNOWN
43877	12	6467653
43877	12	1833676
43877	13	UNKNOWN
43877	14	UNKNOWN
43877	15	1547619
43877	15	1010447
43877	15	28095
43877	15	641910
43877	15	30990
43877	16	26689
43877	17	UNKNOWN
43877	18	UNKNOWN
43877	19	2632827
43877	22	664250
43877	23	UNKNOWN
43877	24	UNKNOWN
43877	26	UNKNOWN
43877	27	730467
43877	27	803707
43877	27	11949288
43877	28	6898699
43877	28	175959
43877	29	728944
43877	29	111759
43877	29	133781
43877	31	7683006
43877	32	1126990
43877	33	UNKNOWN
43877	34	UNKNOWN
43877	35	UNKNOWN
43877	36	12998
43877	36	193585
43877	37	2537596
43877	38	UNKNOWN
43877	39	33503
43877	39	206932
43877	40	6651745
43877	41	UNKNOWN
43877	43	5663868
43877	44	170042
43877	44	208066
43877	45	UNKNOWN
43877	46	UNKNOWN
43877	47	83569
43877	49	8713727
44271	1	UNKNOWN
44271	2	UNKNOWN
44612	1	UNKNOWN
44612	2	UNKNOWN
44612	4	UNKNOWN
44612	5	UNKNOWN
44612	6	312556
44612	7	4784560
44612	7	4784560
44612	7	4784560
44612	8	UNKNOWN
44612	9	UNKNOWN
44612	10	35327
44612	10	32522
44612	10	4498319
44612	11	UNKNOWN
44612	12	UNKNOWN
44612	13	UNKNOWN
44612	14	10017485
44612	15	17411
44612	16	UNKNOWN
44612	17	UNKNOWN
44612	19	UNKNOWN
44612	20	70079
44612	21	677439
44612	25	463023
44612	27	UNKNOWN
44612	28	UNKNOWN
44612	30	8312
44612	31	2626817
44612	32	1666532
44612	33	1781506
44612	34	UNKNOWN
44612	35	74693
44612	36	UNKNOWN
44612	37	5475549
44612	38	6891855
44612	39	UNKNOWN
44612	40	694673
44612	41	UNKNOWN
44612	42	UNKNOWN
44612	43	2094628
44612	46	97303
44612	48	UNKNOWN
44768	7	UNKNOWN
44768	9	311797
44768	9	6026200
44768	9	10125264
44768	11	124780
44768	11	2258261
44768	14	6786559
44768	16	UNKNOWN
44768	17	4959097
44768	18	UNKNOWN
44768	20	1523894
44768	21	237930
44768	21	237930
4585	16	3407424
4585	30	2675382
4585	30	5428801
46034	1	UNKNOWN
46034	2	UNKNOWN
46034	3	118156
46034	4	4659380
46034	4	208466
46095	1	UNKNOWN
46095	2	5203714
46095	2	2134500
46095	4	4134635
46095	4	5203714
46095	5	UNKNOWN
46095	7	3092107
46095	7	452
46095	7	5203714
46095	10	5203714
46095	11	UNKNOWN
46095	13	UNKNOWN
46095	15	UNKNOWN
46095	19	10692633
46095	19	5203714
46095	20	UNKNOWN
47089	1	UNKNOWN
47089	3	UNKNOWN
47089	4	UNKNOWN
47089	5	296431
47089	5	2122865
47089	7	UNKNOWN
47089	8	6946659
47089	11	2001588
47089	11	12762660
47089	11	5906886
47089	11	15109
47089	11	2665177
47089	11	3183837
47089	11	51586
47089	11	99106
47089	13	58213
47089	14	58213
47089	15	58213
47089	16	58213
47089	17	58213
47089	17	29170
47089	17	2001588
47089	18	58213
47089	18	5639865
47089	19	996731
47089	20	996731
47089	21	389450
47089	23	1874464
47089	23	143312
47089	24	5839097
47089	25	133991
47089	27	UNKNOWN
47089	28	UNKNOWN
47089	30	UNKNOWN
47089	31	3324574
47089	32	7846198
47089	32	21514
47089	32	322702
47089	32	367123
47089	32	4743900
47089	33	170292
47089	34	167672
47089	35	UNKNOWN
47089	36	UNKNOWN
47089	37	1786761
47089	38	45176
47089	39	UNKNOWN
47089	41	UNKNOWN
47089	42	UNKNOWN
47089	44	117281
47089	44	29796
47089	44	2868063
47089	45	167672
47089	46	3192345
47089	46	2868063
47089	47	996731
47089	48	996731
47089	49	6155261
47089	49	541202
47089	50	UNKNOWN
47330	1	UNKNOWN
47330	2	128558
48175	47	1907912
48175	47	636553
49105	3	13456
49105	3	577203
49105	4	UNKNOWN
49105	5	565305
49105	6	2078277
49105	6	641675
49105	7	UNKNOWN
49105	8	UNKNOWN
49105	11	12455856
49105	12	UNKNOWN
49105	13	663614
49105	15	UNKNOWN
49105	16	540655
49105	20	UNKNOWN
49105	21	UNKNOWN
49105	22	27545
49105	24	380853
49105	25	UNKNOWN
49105	26	UNKNOWN
49105	27	UNKNOWN
49105	29	2901239
49105	32	94438
49105	32	975591
49105	32	147390
49105	35	UNKNOWN
49105	36	UNKNOWN
49105	37	28155
49105	39	UNKNOWN
49105	40	UNKNOWN
49105	41	UNKNOWN
49105	42	UNKNOWN
49105	43	UNKNOWN
49105	44	540655
49105	45	6588129
49105	46	6588129
49105	46	6293058
49105	47	UNKNOWN
49105	48	UNKNOWN
49187	1	1077532
49187	2	252738
49187	2	5342355
49187	3	5342355
50816	2	255273
5118	1	3049
5118	3	141999
5118	3	5130540
5118	4	1312855
5118	5	5948728
5118	6	UNKNOWN
5118	7	UNKNOWN
5118	8	498894
5118	9	4696834
5118	10	71566
51965	2	UNKNOWN
52119	1	26031
52119	1	10154168
52119	2	965869
52119	4	1233838
52119	5	1233838
52119	6	1233838
52119	6	7491198
52119	8	7491198
52119	8	436025
52119	8	1233838
52119	12	UNKNOWN
52119	13	576597
52119	13	162222
52119	15	607682
52119	16	918474
52119	17	7683006
52119	17	5086652
52119	17	3605039
52119	18	7906769
52119	19	7906769
52119	20	UNKNOWN
52119	21	UNKNOWN
52119	22	1233838
52171	3	5381515
52171	3	5130540
52171	4	UNKNOWN
52712	2	UNKNOWN
53741	2	UNKNOWN
53741	3	1629961
53741	3	29781
53741	3	706394
53741	4	473992
53741	5	107096
53762	1	UNKNOWN
53762	2	679578
5419	8	555438
5419	9	679015
54626	7	UNKNOWN
54626	8	UNKNOWN
55315	1	763747
55315	2	1475178
55315	3	UNKNOWN
55315	5	UNKNOWN
55315	6	UNKNOWN
55315	8	833
55315	10	UNKNOWN
55315	13	UNKNOWN
55315	15	UNKNOWN
55315	17	20740
55315	19	UNKNOWN
55315	20	2868063
55315	21	UNKNOWN
55315	23	UNKNOWN
55315	27	UNKNOWN
55315	33	8443308
55315	38	UNKNOWN
55315	44	UNKNOWN
55315	47	6904
55315	48	4844688
55315	48	810131
55315	50	UNKNOWN
55722	2	UNKNOWN
55722	5	UNKNOWN
56139	1	7928
56139	1	5769102
56139	1	2405881
56139	1	181811
56139	1	4117261
56139	3	7425
56139	4	7425
56561	1	2808675
56561	3	5728153
56561	4	UNKNOWN
56561	6	UNKNOWN
56561	7	2868063
56561	9	UNKNOWN
56561	12	UNKNOWN
56561	13	34127
56561	13	79713
56561	14	1526
56561	14	1317259
56561	15	6426618
56561	15	2152097
56561	16	547454
56561	17	780568
56561	18	1148118
56561	18	1148118
56561	19	UNKNOWN
56561	20	559509
56561	21	UNKNOWN
5720	2	UNKNOWN
5720	4	4775609
5750	1	UNKNOWN
5750	2	31829
5750	3	UNKNOWN
5750	4	2958
5750	7	1183876
5750	9	698831
5750	9	111002
5750	10	5111
5750	12	3993140
5750	12	2285254
5750	13	5729523
5750	15	4538518
5750	15	611049
5750	15	2682852
5750	15	4265229
5750	15	4491155
5750	15	2109334
5750	16	UNKNOWN
5750	17	147629
5750	18	64075
5750	18	714912
5750	19	UNKNOWN
5750	20	1131117
5750	20	690883
5750	21	827650
5750	22	UNKNOWN
5750	23	UNKNOWN
5750	24	102270
5750	25	UNKNOWN
5750	26	5373222
5750	27	313151
5750	27	162424
5750	28	UNKNOWN
5750	29	5168
5750	29	797461
5750	30	UNKNOWN
57514	5	UNKNOWN
5759	1	UNKNOWN
57693	4	5167033
57693	4	7630858
57693	4	6547708
57693	6	9966285
57693	9	UNKNOWN
57693	11	UNKNOWN
57693	12	UNKNOWN
57693	14	UNKNOWN
57693	18	UNKNOWN
57693	19	UNKNOWN
57693	20	UNKNOWN
57693	21	UNKNOWN
57693	22	4580480
57693	25	UNKNOWN
58392	2	UNKNOWN
58406	1	7491198
58406	2	80773
58406	3	7554
58406	3	3028484
58406	4	1233838
58406	4	7491198
58406	5	80773
58406	5	7425
58406	6	7491198
58406	7	7425
58406	7	15539
58406	8	UNKNOWN
58406	9	UNKNOWN
58406	10	7425
58406	11	2194
58406	11	7425
58406	12	80773
58406	15	7425
58406	15	80773
58406	16	80773
58406	16	7425
58406	16	7425
58406	17	UNKNOWN
58406	18	80773
58406	18	1686947
58406	19	80773
58406	20	UNKNOWN
58406	21	7425
58406	22	80773
58406	22	1233838
58406	23	80773
58757	1	7142287
58757	3	UNKNOWN
58757	4	38532
58757	16	1473
58757	24	6320593
58757	28	UNKNOWN
58757	42	3940511
58757	42	5332
58757	50	UNKNOWN
58897	1	UNKNOWN
58897	12	UNKNOWN
59957	2	22993
59957	3	22993
60874	1	UNKNOWN
60874	2	2523390
60874	2	6435
60874	3	1338381
60874	4	2868063
60874	5	2868063
60874	5	5794
60874	6	UNKNOWN
60874	7	UNKNOWN
60874	8	UNKNOWN
60874	9	UNKNOWN
60874	10	UNKNOWN
60874	11	UNKNOWN
60874	12	UNKNOWN
60874	13	2537596
60874	14	4921
60874	15	UNKNOWN
60874	16	2537596
60874	18	2725171
60874	19	625194
60874	19	285187
60874	19	2026352
60874	19	615976
60874	20	3108234
60874	21	3108234
60874	22	952332
60874	22	796128
60874	22	3328620
60874	22	2026352
60874	22	1328763
60874	22	459800
60874	22	3783876
60874	22	1836113
60874	22	9700071
60874	22	285187
60874	22	578254
60874	22	615995
60874	22	593754
60874	23	UNKNOWN
60874	25	3240184
60874	25	135161
60874	25	4815678
60874	27	2884466
60874	27	94430
60874	27	23644
60874	27	95523
60874	28	UNKNOWN
60874	29	2619901
60874	34	UNKNOWN
60874	35	UNKNOWN
60874	40	7731074
60874	41	134140
60874	42	11079938
60874	44	UNKNOWN
60874	46	12417271
61625	1	UNKNOWN
61625	4	622934
63625	1	UNKNOWN
63625	2	UNKNOWN
63625	5	12455466
6378	2	679015
6378	2	436025
6378	2	65541
6378	4	UNKNOWN
65154	1	649309
65154	2	6185013
65154	3	649309
65154	4	UNKNOWN
65154	5	5055245
65154	8	649505
65154	9	649309
65154	10	UNKNOWN
65154	11	3037970
65154	12	UNKNOWN
65712	2	UNKNOWN
65712	3	UNKNOWN
65712	4	3969525
65712	4	179283
65712	4	8205
65712	5	1440624
65712	9	19886
65712	13	3097131
65712	13	1307385
65712	14	19886
65712	15	UNKNOWN
65712	16	1525
65712	17	UNKNOWN
65712	20	UNKNOWN
66391	1	UNKNOWN
66391	3	9428823
66391	3	26145
66391	3	5084239
66391	4	UNKNOWN
66391	5	UNKNOWN
66391	6	UNKNOWN
66391	7	7470086
66391	8	6601495
66391	9	10145367
66391	10	707229
66391	10	8440195
66391	10	290577
66391	13	UNKNOWN
66391	14	8408841
66391	14	1215833
66391	14	1393219
66391	15	71679
66391	16	50616
66391	16	26673
66473	2	2096483
66976	1	UNKNOWN
66976	3	3331476
66976	3	1525
66976	3	7190297
66976	3	3799734
66976	3	2889
66976	3	41021
66976	5	5128
66976	7	UNKNOWN
67209	1	5677
67209	2	1753963
67209	2	5024570
67209	3	UNKNOWN
67209	4	360401
67209	4	522063
67209	5	3400285
67209	6	5168949
67209	7	5850
67209	7	3039
67209	9	5828354
67209	11	UNKNOWN
67209	12	UNKNOWN
67209	13	2280068
67209	14	35172
67209	14	1714277
67209	14	2258261
67209	15	UNKNOWN
67209	16	11662041
67209	17	UNKNOWN
67209	18	UNKNOWN
67209	19	5090206
67209	19	2496
67209	20	8354512
67209	21	1787458
67209	22	3165787
67209	23	UNKNOWN
67209	24	164575
67209	24	13833
67209	25	UNKNOWN
67209	26	UNKNOWN
67209	27	4122286
67209	29	596955
67209	30	31603
67209	31	2865177
67209	32	1718023
67209	33	UNKNOWN
67209	34	UNKNOWN
67209	35	UNKNOWN
67209	36	101279
67209	36	577203
67209	37	4943889
67209	38	4679
67209	39	5794
67209	39	5794
67209	39	3401050
67209	40	2280068
67209	40	734878
67209	41	UNKNOWN
67209	43	2280068
67209	44	UNKNOWN
67209	45	5677
67209	45	5180033
67209	45	995
67209	46	UNKNOWN
67209	47	1743171
67209	49	5057
67209	49	685369
67209	50	7800021
68000	3	1943752
68000	6	UNKNOWN
68000	7	125972
68000	10	UNKNOWN
68000	11	UNKNOWN
6805	2	UNKNOWN
68054	1	UNKNOWN
68054	2	UNKNOWN
68054	3	7811008
68054	4	UNKNOWN
68054	6	UNKNOWN
68054	7	UNKNOWN
68054	8	UNKNOWN
68054	10	UNKNOWN
68054	11	913298
69328	6	388131
69328	7	UNKNOWN
69589	11	UNKNOWN
69589	12	UNKNOWN
71014	4	UNKNOWN
71014	5	783173
71014	20	UNKNOWN
71014	27	UNKNOWN
71014	37	783173
72161	1	39368
72161	2	UNKNOWN
72161	3	900041
72161	4	51297
72161	7	30079
72161	9	UNKNOWN
72161	10	3253636
72161	11	UNKNOWN
72161	12	30637
72161	13	1177586
72161	13	38917
72161	13	11071391
72161	14	80789
72161	15	1177586
72161	17	61691
72161	17	11461251
72161	17	19127
72161	17	16542
72161	18	UNKNOWN
72161	19	UNKNOWN
72161	20	UNKNOWN
72161	21	2044377
72161	22	83346
72161	24	1785275
72161	25	1177586
72161	27	1585004
72161	27	2606513
73084	1	UNKNOWN
73084	2	958459
73084	4	UNKNOWN
73084	5	1475601
73084	6	UNKNOWN
73084	7	3437
73084	8	UNKNOWN
73084	9	48117
73084	11	135945
73084	12	UNKNOWN
73329	3	UNKNOWN
73329	4	UNKNOWN
73329	6	11744
73329	7	11744
73329	7	4926494
73927	4	547240
73927	5	UNKNOWN
73927	6	UNKNOWN
73927	7	UNKNOWN
73927	9	547028
73927	10	65165
73927	10	495417
73927	11	UNKNOWN
73927	12	6504744
73927	12	92450
73927	13	502956
74105	1	4921
74105	1	4479754
74105	1	785984
74105	1	4104745
74105	1	15692
74105	1	5969
74105	1	1541442
74105	1	965870
74105	1	2825
74105	1	4979986
74105	1	51687
74105	1	3376637
74105	1	6212340
74105	1	3702
74105	1	2974516
74105	1	6323622
74105	1	8112596
74105	6	6323622
74105	9	9444703
74105	9	9444703
74105	13	2974516
74105	14	534669
74105	20	1595966
74105	21	UNKNOWN
74105	22	6095964
74105	22	4528028
74105	24	UNKNOWN
74105	25	UNKNOWN
74105	28	UNKNOWN
74105	29	7702983
74105	31	8495200
74105	32	9560489
74105	33	9560489
74105	36	UNKNOWN
74105	38	7944969
74105	39	UNKNOWN
74105	41	UNKNOWN
74105	42	UNKNOWN
74105	44	522063
74105	46	UNKNOWN
74105	48	2649665
74105	48	1547619
74998	1	UNKNOWN
74998	2	312556
74998	3	349431
74998	3	10948
74998	4	UNKNOWN
74998	5	UNKNOWN
74998	6	UNKNOWN
74998	7	UNKNOWN
74998	9	16230
74998	9	2808675
74998	10	UNKNOWN
74998	11	2668539
75397	1	UNKNOWN
75397	2	1216729
75397	3	724469
75397	4	UNKNOWN
75397	5	5174
75397	5	741831
75397	6	UNKNOWN
75397	7	55808
75397	8	UNKNOWN
75397	9	UNKNOWN
75397	10	111158
77290	1	UNKNOWN
77968	15	UNKNOWN
77968	18	1117152
77968	19	6752089
77968	22	1075340
77968	24	3168320
77968	26	3168320
77968	26	1117152
77968	29	3168320
77968	30	3168320
77968	32	3168320
77968	34	1117152
77968	34	3168320
77968	37	3168320
77968	39	3168320
77968	41	3168320
77968	44	1117152
77968	45	1117152
77968	46	1117152
77968	47	1117152
77968	50	UNKNOWN
78176	1	4647
78176	2	1088185
78176	2	70919
78176	3	424511
78176	4	UNKNOWN
78176	5	1102928
78176	6	1233838
78176	6	3433883
78176	6	2594581
78176	7	7491198
78176	7	1437272
78176	8	1437272
78176	8	3024755
78176	9	2594581
78176	10	UNKNOWN
78176	11	UNKNOWN
78176	12	UNKNOWN
78176	13	16210
78176	16	3024724
78176	16	4323906
78176	16	5503881
78176	18	6684742
78176	19	2194471
78176	19	1216482
78176	20	UNKNOWN
78176	22	6939875
78176	23	6446
78176	23	6939875
78176	23	47393
78176	24	47393
78176	24	30888
78176	25	6816319
78176	25	2897119
78176	25	3332629
78176	25	3292131
78176	25	47393
78176	25	1595964
78176	25	1444847
78176	25	14564
78176	26	UNKNOWN
78176	27	6939875
78176	27	3331476
78176	27	1574170
78176	27	2592917
78176	28	2434010
78176	29	47393
78176	30	UNKNOWN
78176	31	6939875
78176	32	129567
78176	32	1437272
78176	33	UNKNOWN
78176	34	UNKNOWN
78176	35	5033521
78176	36	6963441
78176	37	UNKNOWN
78176	38	1997037
78176	38	71260
78176	38	3669577
78176	38	3624646
78176	38	71286
78176	39	UNKNOWN
78176	40	1540685
78176	40	35172
78176	40	6050
78176	40	2643944
78176	40	344046
78176	41	UNKNOWN
78176	42	611049
78176	42	34239
78176	43	352411
78176	43	1467863
78176	43	3481
78176	44	UNKNOWN
78176	45	352411
78176	45	3024724
78176	47	255154
78176	48	1361520
78176	48	4647302
78176	49	1310842
78176	49	4931
79250	1	UNKNOWN
79250	2	2611282
79250	2	3732549
79388	1	UNKNOWN
79388	3	1504535
79388	12	UNKNOWN
79388	14	UNKNOWN
79388	25	8239515
79388	25	11748034
79388	34	UNKNOWN
79388	42	1667949
79388	44	UNKNOWN
79826	1	314019
79826	4	159303
81320	7	2134977
81320	7	3831534
81320	7	971113
81320	14	187576
81320	14	2649665
81320	14	187576
81402	1	438738
81402	1	2819588
81402	1	438738
81402	1	549782
81402	2	8443308
81402	4	UNKNOWN
81402	5	UNKNOWN
81402	9	UNKNOWN
81402	10	424688
81402	11	6661454
81402	11	2865177
81402	12	1955565
81402	13	4035936
81402	14	UNKNOWN
81402	15	5603204
81402	16	UNKNOWN
81673	2	7980678
81673	2	7841154
81673	2	1867778
81673	4	UNKNOWN
81673	7	99858
81673	12	206184
82150	3	1028872
83436	36	2819588
83886	2	UNKNOWN
83886	4	7831870
83886	6	7831870
84196	8	50747
84196	11	UNKNOWN
84196	20	176840
84196	35	7702983
84196	42	UNKNOWN
84415	1	2660311
84415	14	UNKNOWN
84581	6	1787250
84581	8	6891855
85712	2	6067576
85712	6	1262127
85712	9	UNKNOWN
87547	1	UNKNOWN
87818	1	1162143
87818	2	UNKNOWN
87818	4	UNKNOWN
87818	5	2619901
87818	6	8218
88515	1	UNKNOWN
89081	3	UNKNOWN
89081	4	7228452
89081	4	2897119
89081	4	4743452
89081	4	62746
89081	4	43704
89081	4	8708673
89081	4	761913
89081	4	5949
89081	4	641910
89081	4	2630297
89081	4	7736889
89081	5	UNKNOWN
90672	1	20410
90672	2	6817230
90672	2	1547619
90672	2	2278827
90672	3	66581
90672	3	1348467
90672	4	25980
90672	4	2001588
90672	5	5999
90672	5	808278
90672	5	120388
90672	5	6738665
90672	5	5791710
90672	5	515686
90672	6	12417271
90672	6	4053418
90672	6	208466
90672	7	25521
90672	8	UNKNOWN
90672	9	5316147
90672	10	UNKNOWN
90672	11	UNKNOWN
90672	14	29615
90672	14	6817230
90672	14	1942772
90672	15	3253
90672	18	UNKNOWN
90672	19	2606513
90672	19	670836
90672	19	1400317
90672	20	421164
90672	20	85781
90672	20	36114
90672	21	2606513
90672	22	UNKNOWN
90672	23	4013590
90672	24	651290
90672	25	UNKNOWN
90672	26	UNKNOWN
90672	27	UNKNOWN
90672	28	UNKNOWN
90672	29	2005380
90672	30	826582
90672	31	2691907
90672	32	UNKNOWN
90672	33	UNKNOWN
90672	34	UNKNOWN
90672	35	5603557
90672	35	4096291
90672	36	UNKNOWN
90672	37	4096291
90672	39	3266153
90672	41	UNKNOWN
90672	43	1343792
90672	45	1343792
91420	2	413008
91420	3	6064216
91420	3	182019
91420	4	UNKNOWN
91420	5	4397266
91770	34	UNKNOWN
93255	1	2923453
93255	1	3255797
93255	4	787029
93255	4	7879474
93255	4	2923453
93255	9	226928
93255	11	3255797
93563	3	54725
93563	4	316633
93563	4	2328429
94237	1	32418
94237	1	971113
94237	1	4920433
94237	1	39215
94237	1	6293058
94237	1	1000167
94237	1	32418
94237	2	357535
94237	2	9116020
94237	2	1978814
94237	2	8263549
94237	2	5308
94237	2	4741218
94237	2	12914182
94237	2	2865177
94237	2	9828584
94237	2	8356310
94237	2	1496188
94237	2	147865
94237	3	UNKNOWN
94237	4	948717
94237	5	UNKNOWN
94237	6	7706762
94237	8	6464213
94237	11	2868063
94237	12	6434584
94237	12	6464213
94237	13	6434584
94237	14	6434584
94237	14	4906476
94237	14	7508683
94237	14	10378879
94237	18	UNKNOWN
94237	22	UNKNOWN
94237	23	UNKNOWN
94237	25	UNKNOWN
94237	26	UNKNOWN
94237	30	UNKNOWN
94237	34	2750201
94237	35	UNKNOWN
94237	36	UNKNOWN
94237	37	UNKNOWN
94237	38	UNKNOWN
94237	39	210728
94237	39	2750201
94237	40	UNKNOWN
94237	41	UNKNOWN
94237	43	UNKNOWN
94237	44	UNKNOWN
94237	45	UNKNOWN
94237	47	UNKNOWN
94237	48	UNKNOWN
94237	49	UNKNOWN
94280	1	4492457
94280	2	2026168
94280	3	UNKNOWN
94280	4	1437272
94280	5	12843938
94280	7	UNKNOWN
94280	8	2220661
94280	8	1437272
94280	8	748786
94280	9	UNKNOWN
94280	10	UNKNOWN
94280	16	2970004
94280	17	UNKNOWN
94280	18	UNKNOWN
94280	19	UNKNOWN
9511	2	313562
95143	4	UNKNOWN
95383	2	UNKNOWN
95383	5	UNKNOWN
95383	6	61713
95527	21	UNKNOWN
9587	1	UNKNOWN
96439	1	UNKNOWN
96439	2	668399
97501	2	7993870
97501	2	1869000
97501	3	10188508
97501	3	2177299
97501	4	UNKNOWN
97501	5	9209435
97501	5	283
97501	5	1467863
97501	5	3049
97501	5	3049
97501	5	4392
97501	6	2160065
97501	6	308749
97501	6	2704
97501	6	3205597
97501	7	25002
97501	8	1479175
97501	8	8556314
97501	9	3813197
97501	9	3654
97501	10	UNKNOWN
97501	11	UNKNOWN
97501	12	10168
97501	12	755085
97501	13	851808
97501	14	UNKNOWN
97501	16	94183
97501	17	UNKNOWN
97501	18	3375043
97501	18	1050460
97501	18	538740
97501	18	576198
97501	18	58729
97501	18	576198
97501	18	280321
97501	20	UNKNOWN
97501	21	622934
97501	24	206072
97501	25	5764441
97501	25	5959130
97501	25	1273419
97501	26	1869000
97501	26	1904382
97501	27	851409
97501	29	UNKNOWN
97501	30	3345727
97501	30	4411174
97501	31	UNKNOWN
97501	32	UNKNOWN
97501	33	UNKNOWN
97501	34	57023
97501	35	UNKNOWN
97501	36	18487
97501	36	57023
97501	37	6169664
97501	38	UNKNOWN
97501	40	1526
97501	42	UNKNOWN
97501	43	6380206
97501	45	UNKNOWN
97501	46	6380206
98071	6	3281609
98071	6	331628
98071	6	331163
98071	7	UNKNOWN
98071	14	UNKNOWN
98071	19	1537490
98071	22	UNKNOWN
9822	2	UNKNOWN
9822	4	UNKNOWN
98974	7	UNKNOWN
98974	22	214122
